City_ID,City,Country,Date,Current Description,Lat,Lng,Max Temp,Humidity,Cloudiness,Wind Speed
0,Vila Franca Do Campo,PT,2022-01-21 21:24:56,broken clouds,37.7167,-25.4333,61.21,76,83,14.18
1,Carnarvon,AU,2022-01-21 21:24:56,broken clouds,-24.8667,113.6333,78.87,61,55,11.5
2,Half Moon Bay,US,2022-01-21 21:24:56,clear sky,37.4636,-122.4286,68.81,33,0,12.66
3,Bluff,NZ,2022-01-21 21:24:56,overcast clouds,-46.6,168.3333,57.79,75,99,17.6
4,Mount Gambier,AU,2022-01-21 21:24:57,overcast clouds,-37.8333,140.7667,67.91,56,94,5.75
5,Yellowknife,CA,2022-01-21 21:24:42,few clouds,62.456,-114.3525,-17.72,68,20,5.75
6,Albany,US,2022-01-21 21:22:45,clear sky,42.6001,-73.9662,16.81,49,6,5.7
7,Russellville,US,2022-01-21 21:24:57,clear sky,35.2784,-93.1338,34.21,34,0,5.75
8,Kavaratti,IN,2022-01-21 21:24:57,overcast clouds,10.5669,72.642,79.7,71,89,12.82
9,Mar Del Plata,AR,2022-01-21 21:20:28,light rain,-38.0023,-57.5575,80.1,89,100,7.0
10,La Baule-Escoublac,FR,2022-01-21 21:24:57,clear sky,47.2922,-2.364,41.0,90,0,3.44
11,Cape Town,ZA,2022-01-21 21:22:39,clear sky,-33.9258,18.4232,75.11,64,0,1.01
12,Leonforte,IT,2022-01-21 21:24:58,broken clouds,37.6443,14.4007,43.09,84,84,6.87
13,Rikitea,PF,2022-01-21 21:22:47,overcast clouds,-23.1203,-134.9692,78.44,74,100,8.84
14,Ushuaia,AR,2022-01-21 21:22:46,broken clouds,-54.8,-68.3,65.82,51,75,11.5
15,Vaini,TO,2022-01-21 21:24:58,broken clouds,-21.2,-175.2,80.87,71,66,15.19
16,Clyde River,CA,2022-01-21 21:24:58,broken clouds,70.4692,-68.5914,-10.97,70,75,4.61
17,Tahta,EG,2022-01-21 21:24:58,clear sky,26.7693,31.5021,49.41,40,0,7.0
18,New Norfolk,AU,2022-01-21 21:24:59,clear sky,-42.7826,147.0587,67.75,64,0,2.8
19,Mataura,NZ,2022-01-21 21:24:59,overcast clouds,-46.1927,168.8643,57.47,72,92,6.58
20,Changying,CN,2022-01-21 21:25:00,few clouds,52.8733,123.3213,-15.09,98,22,3.62
21,Tulcea,RO,2022-01-21 21:25:00,clear sky,45.1667,28.8,24.98,86,5,3.44
22,Lebu,CL,2022-01-21 21:25:00,clear sky,-37.6167,-73.65,62.24,63,0,8.19
23,Port Alfred,ZA,2022-01-21 21:25:01,few clouds,-33.5906,26.891,74.91,88,15,13.65
24,Talcahuano,CL,2022-01-21 21:25:01,clear sky,-36.7167,-73.1167,65.88,59,0,14.97
25,Tukrah,LY,2022-01-21 21:25:01,few clouds,32.5341,20.5791,56.34,68,16,12.19
26,Mahibadhoo,MV,2022-01-21 21:21:15,overcast clouds,3.7833,72.9667,80.51,71,97,7.9
27,Puerto Ayora,EC,2022-01-21 21:25:02,scattered clouds,-0.7393,-90.3518,82.36,79,45,8.16
28,Bethel,US,2022-01-21 21:25:02,clear sky,41.3712,-73.414,22.57,52,0,5.75
29,Port Elizabeth,ZA,2022-01-21 21:23:24,broken clouds,-33.918,25.5701,76.1,85,61,7.54
30,Faanui,PF,2022-01-21 21:25:02,light rain,-16.4833,-151.75,80.89,76,100,14.27
31,Lorengau,PG,2022-01-21 21:25:03,overcast clouds,-2.0226,147.2712,80.62,83,96,6.31
32,Castro,BR,2022-01-21 21:22:47,scattered clouds,-24.7911,-50.0119,73.9,78,41,3.76
33,Esperance,AU,2022-01-21 21:25:03,overcast clouds,-33.8667,121.9,66.04,82,95,7.09
34,Urumqi,CN,2022-01-21 21:22:04,mist,43.801,87.6005,18.55,93,75,2.24
35,Komsomolskiy,UZ,2022-01-21 21:25:03,overcast clouds,40.4272,71.7189,35.02,74,100,11.5
36,Leningradskiy,RU,2022-01-21 21:25:04,clear sky,69.3833,178.4167,-29.16,87,4,1.68
37,Poum,NC,2022-01-21 21:25:04,scattered clouds,-20.2333,164.0167,81.77,77,43,13.0
38,Bambous Virieux,MU,2022-01-21 21:25:04,light rain,-20.3428,57.7575,82.65,89,40,18.41
39,Adrar,MR,2022-01-21 21:25:04,overcast clouds,20.5022,-10.0711,70.2,22,92,11.59
40,Arraial Do Cabo,BR,2022-01-21 21:25:05,clear sky,-22.9661,-42.0278,80.56,74,0,14.97
41,Butaritari,KI,2022-01-21 21:25:05,overcast clouds,3.0707,172.7902,81.16,70,99,13.18
42,Saskylakh,RU,2022-01-21 21:22:47,overcast clouds,71.9167,114.0833,4.42,94,100,7.74
43,Ribeira Grande,PT,2022-01-21 21:25:05,few clouds,38.5167,-28.7,61.2,77,20,16.11
44,Cabedelo,BR,2022-01-21 21:25:35,clear sky,-6.9811,-34.8339,81.27,70,0,11.34
45,Hithadhoo,MV,2022-01-21 21:25:36,overcast clouds,-0.6,73.0833,80.71,75,94,13.91
46,Chokurdakh,RU,2022-01-21 21:25:36,overcast clouds,70.6333,147.9167,-40.54,100,95,5.23
47,Severo-Kurilsk,RU,2022-01-21 21:23:58,overcast clouds,50.6789,156.125,28.49,82,97,8.77
48,Perry,US,2022-01-21 21:25:22,overcast clouds,37.2506,-83.1999,27.12,71,100,7.76
49,Saint-Philippe,RE,2022-01-21 21:25:36,light rain,-21.3585,55.7679,80.19,87,62,17.36
50,Hermanus,ZA,2022-01-21 21:25:36,clear sky,-34.4187,19.2345,72.81,84,3,16.06
51,Almaznyy,RU,2022-01-21 21:25:37,overcast clouds,48.0448,40.045,30.34,96,100,5.77
52,Palembang,ID,2022-01-21 21:25:37,scattered clouds,-2.9167,104.7458,77.09,94,40,0.0
53,Yanam,IN,2022-01-21 21:25:37,few clouds,16.7333,82.2167,67.08,97,12,3.94
54,Carballo,ES,2022-01-21 21:23:56,clear sky,43.213,-8.691,48.0,66,0,9.4
55,Coihaique,CL,2022-01-21 21:22:54,broken clouds,-45.5752,-72.0662,62.55,51,75,6.91
56,Gat,IL,2022-01-21 21:23:05,broken clouds,31.61,34.7642,51.4,64,74,1.5
57,Hobart,AU,2022-01-21 21:22:44,few clouds,-42.8794,147.3294,68.11,84,20,1.01
58,Malanje,AO,2022-01-21 21:25:38,broken clouds,-9.5402,16.341,62.28,79,80,2.75
59,Iqaluit,CA,2022-01-21 21:25:38,broken clouds,63.7506,-68.5145,-24.07,76,75,2.3
60,Tasiilaq,GL,2022-01-21 21:25:38,broken clouds,65.6145,-37.6368,15.96,62,82,8.41
61,Shorkot,PK,2022-01-21 21:25:38,overcast clouds,31.9099,70.8774,52.66,88,100,10.13
62,Boden,SE,2022-01-21 21:25:39,scattered clouds,65.8252,21.6886,12.2,93,44,2.86
63,Punta Arenas,CL,2022-01-21 21:25:39,broken clouds,-53.15,-70.9167,68.11,34,75,25.32
64,Havelock,US,2022-01-21 21:25:39,mist,34.8791,-76.9013,31.98,93,100,4.0
65,Upernavik,GL,2022-01-21 21:25:39,overcast clouds,72.7868,-56.1549,-2.27,91,100,2.91
66,San Patricio,US,2022-01-21 21:25:40,broken clouds,28.017,-97.5169,54.16,35,79,9.46
67,Kapaa,US,2022-01-21 21:25:40,clear sky,22.0752,-159.319,81.48,67,0,3.0
68,Jalu,LY,2022-01-21 21:25:40,clear sky,29.0331,21.5482,52.52,47,8,3.2
69,Torbay,CA,2022-01-21 21:25:40,light snow,47.6666,-52.7314,26.76,89,100,6.91
70,Te Anau,NZ,2022-01-21 21:25:41,few clouds,-45.4167,167.7167,60.94,67,24,0.49
71,Rosia,RO,2022-01-21 21:25:41,scattered clouds,45.8167,24.3167,25.09,63,40,17.27
72,Fort Saint James,CA,2022-01-21 21:25:41,overcast clouds,54.4333,-124.25,34.07,95,100,2.64
73,Saint-Augustin,CA,2022-01-21 21:25:41,clear sky,51.226,-58.6502,-12.93,90,6,3.4
74,Rawson,AR,2022-01-21 21:20:53,clear sky,-43.3002,-65.1023,80.31,26,0,17.11
75,Puerto Escondido,MX,2022-01-21 21:25:42,few clouds,15.85,-97.0667,83.23,65,20,6.91
76,Aitape,PG,2022-01-21 21:25:42,moderate rain,-3.1374,142.3475,77.23,93,100,5.32
77,Yulara,AU,2022-01-21 21:25:42,clear sky,-25.2406,130.9889,73.24,94,0,6.91
78,Thompson,CA,2022-01-21 21:25:43,overcast clouds,55.7435,-97.8558,-3.84,71,100,20.71
79,Manyana,BW,2022-01-21 21:25:43,few clouds,-23.4,21.7167,76.19,31,23,4.97
80,Barrow,US,2022-01-21 21:21:02,haze,71.2906,-156.7887,-20.18,69,20,11.5
81,Bengkulu,ID,2022-01-21 21:25:43,light rain,-3.8004,102.2655,74.5,90,100,4.81
82,Yuci,CN,2022-01-21 21:25:43,mist,37.6803,112.7319,26.35,86,40,2.24
83,Busselton,AU,2022-01-21 21:25:44,broken clouds,-33.65,115.3333,73.04,44,54,10.25
84,Mayumba,GA,2022-01-21 21:25:44,overcast clouds,-3.432,10.6554,77.54,92,98,9.4
85,Damavand,IR,2022-01-21 21:25:44,clear sky,35.7178,52.065,19.24,36,0,7.65
86,East London,ZA,2022-01-21 21:22:46,clear sky,-33.0153,27.9116,74.59,84,7,11.61
87,Kaitangata,NZ,2022-01-21 21:25:44,few clouds,-46.2817,169.8464,60.93,60,14,9.55
88,Araouane,ML,2022-01-21 21:25:45,scattered clouds,18.9048,-3.5265,65.17,15,37,10.63
89,Kampene,CD,2022-01-21 21:25:45,overcast clouds,-3.6,26.6667,68.85,96,100,2.01
90,Cobija,BO,2022-01-21 21:25:45,thunderstorm,-11.0267,-68.7692,82.58,74,75,13.8
91,Sola,VU,2022-01-21 21:25:45,broken clouds,-13.8833,167.55,83.07,84,75,0.0
92,Airai,TL,2022-01-21 21:26:16,overcast clouds,-8.9266,125.4092,59.85,92,98,2.64
93,Cidreira,BR,2022-01-21 21:26:16,clear sky,-30.1811,-50.2056,78.8,84,0,19.17
94,Bathsheba,BB,2022-01-21 21:26:16,scattered clouds,13.2167,-59.5167,81.21,61,40,24.16
95,Tual,ID,2022-01-21 21:26:16,overcast clouds,-5.6667,132.75,82.38,81,99,18.79
96,Kribi,CM,2022-01-21 21:26:17,overcast clouds,2.95,9.9167,80.13,84,97,6.08
97,Voznesenye,RU,2022-01-21 21:26:17,overcast clouds,61.0106,35.4781,19.44,97,100,5.17
98,Sharan,RU,2022-01-21 21:26:17,broken clouds,54.8167,54.0,-0.22,100,61,4.74
99,Dikson,RU,2022-01-21 21:26:17,overcast clouds,73.5069,80.5464,13.95,95,100,9.86
100,Chunskiy,RU,2022-01-21 21:26:18,overcast clouds,56.0815,99.6342,-8.3,100,100,1.28
101,Mao,ES,2022-01-21 21:26:18,scattered clouds,39.8885,4.2658,45.16,76,40,9.22
102,Kastamonu,TR,2022-01-21 21:22:26,light snow,41.5,33.6667,26.38,93,75,3.24
103,Porto Novo,BJ,2022-01-21 21:26:18,clear sky,6.4965,2.6036,80.42,62,3,6.6
104,Khatanga,RU,2022-01-21 21:26:18,light snow,71.9667,102.5,15.85,93,100,17.92
105,Harper,LR,2022-01-21 21:26:19,clear sky,4.375,-7.7169,78.89,82,1,7.85
106,Adelaide,AU,2022-01-21 21:22:00,light rain,-34.9333,138.6,78.85,56,100,19.57
107,Todos Santos,MX,2022-01-21 21:26:19,scattered clouds,23.45,-110.2167,78.12,65,26,6.22
108,Manaus,BR,2022-01-21 21:22:54,light rain,-3.1019,-60.025,86.5,94,40,2.3
109,Abbeville,FR,2022-01-21 21:24:10,broken clouds,50.1,1.8333,42.76,85,52,4.74
110,Hovd,MN,2022-01-21 21:26:19,overcast clouds,48.0056,91.6419,5.29,94,98,4.36
111,Ende,ID,2022-01-21 21:26:20,overcast clouds,-8.8432,121.6623,77.54,85,100,4.7
112,Kloulklubed,PW,2022-01-21 21:24:13,overcast clouds,7.0419,134.2556,81.12,83,100,19.86
113,Navolato,MX,2022-01-21 21:26:20,clear sky,24.7672,-107.6944,82.63,22,0,10.47
114,Bredasdorp,ZA,2022-01-21 21:26:20,broken clouds,-34.5322,20.0403,72.28,83,68,14.97
115,Skibbereen,IE,2022-01-21 21:26:20,overcast clouds,51.55,-9.2667,44.4,73,94,4.16
116,Maniitsoq,GL,2022-01-21 21:26:21,overcast clouds,65.4167,-52.9,14.65,70,100,9.78
117,Kashi,CN,2022-01-21 21:26:21,clear sky,39.4547,75.9797,24.01,46,0,11.18
118,Ilulissat,GL,2022-01-21 21:26:21,light snow,69.2167,-51.1,8.62,72,100,19.57
119,Norman Wells,CA,2022-01-21 21:26:21,broken clouds,65.282,-126.8329,-30.96,61,75,2.3
120,Helena,US,2022-01-21 21:24:25,scattered clouds,46.5927,-112.0361,40.41,53,40,10.0
121,Zambezi,ZM,2022-01-21 21:26:22,overcast clouds,-13.5432,23.1047,65.53,93,100,4.9
122,Wanning,CN,2022-01-21 21:22:44,overcast clouds,18.8003,110.3967,70.14,91,99,2.26
123,Jamestown,US,2022-01-21 21:25:18,clear sky,42.097,-79.2353,20.52,29,0,5.75
124,Qaanaaq,GL,2022-01-21 21:26:22,overcast clouds,77.484,-69.3632,-3.51,98,100,2.08
125,La Cruz,MX,2022-01-21 21:26:22,clear sky,23.9167,-106.9,74.21,47,0,8.9
126,Padang,ID,2022-01-21 21:26:22,overcast clouds,-0.9492,100.3543,73.45,87,99,4.56
127,Gandevi,IN,2022-01-21 21:26:23,clear sky,20.8167,72.9833,69.76,94,0,6.89
128,Mahebourg,MU,2022-01-21 21:26:23,scattered clouds,-20.4081,57.7,82.69,89,40,18.41
129,Sterling,US,2022-01-21 21:26:23,broken clouds,39.0062,-77.4286,25.68,55,75,1.01
130,Comodoro Rivadavia,AR,2022-01-21 21:26:23,broken clouds,-45.8667,-67.5,82.26,21,75,23.02
131,Guerrero Negro,MX,2022-01-21 21:24:52,clear sky,27.9769,-114.0611,69.24,32,0,12.28
132,Saint Anthony,US,2022-01-21 21:26:24,clear sky,45.0205,-93.218,17.62,52,0,7.0
133,Maku,IR,2022-01-21 21:26:24,scattered clouds,39.2911,44.4521,8.74,76,38,7.25
134,Igrim,RU,2022-01-21 21:26:24,broken clouds,63.1906,64.4162,4.86,97,77,5.06
135,Aberfeldy,GB,2022-01-21 21:26:24,few clouds,56.62,-3.8645,40.03,94,13,5.68
136,Kismayo,SO,2022-01-21 21:26:25,overcast clouds,-0.3582,42.5454,79.0,81,100,16.93
137,Hilo,US,2022-01-21 21:26:55,clear sky,19.7297,-155.09,79.79,73,0,8.05
138,Chicama,PE,2022-01-21 21:26:55,overcast clouds,-7.8447,-79.1469,68.54,63,100,10.58
139,Marawi,PH,2022-01-21 21:26:55,overcast clouds,7.9986,124.2928,65.64,91,92,2.1
140,Saint George,US,2022-01-21 21:24:41,scattered clouds,37.1041,-113.5841,55.44,36,40,3.0
141,Belaya Gora,RU,2022-01-21 21:26:56,overcast clouds,68.5333,146.4167,-44.32,100,94,2.44
142,Putnam,US,2022-01-21 21:26:56,overcast clouds,36.1667,-85.65,27.68,70,100,8.05
143,Los Llanos De Aridane,ES,2022-01-21 21:26:56,few clouds,28.6585,-17.9182,60.55,86,20,5.01
144,Provideniya,RU,2022-01-21 21:26:56,light snow,64.3833,-173.3,4.23,96,100,15.17
145,Beringovskiy,RU,2022-01-21 21:26:57,scattered clouds,63.05,179.3167,-13.22,76,34,15.77
146,Karpathos,GR,2022-01-21 21:26:57,overcast clouds,35.507,27.2132,58.96,72,100,19.57
147,Roald,NO,2022-01-21 21:26:57,light intensity drizzle,62.5833,6.1333,44.74,87,75,11.5
148,Ozu,JP,2022-01-21 21:26:57,broken clouds,33.5,132.55,33.42,72,64,3.51
149,Bowen,AU,2022-01-21 21:26:58,broken clouds,-20.0167,148.2333,71.82,76,79,17.6
150,Talnakh,RU,2022-01-21 21:26:58,overcast clouds,69.4865,88.3972,15.21,96,100,11.1
151,Bilma,NE,2022-01-21 21:26:58,clear sky,18.6853,12.9164,59.25,22,0,7.9
152,Souillac,MU,2022-01-21 21:26:58,light rain,-20.5167,57.5167,82.78,89,40,18.41
153,Chaoyang,CN,2022-01-21 21:26:59,light snow,41.5703,120.4586,15.51,92,100,2.3
154,Lagoa,PT,2022-01-21 21:26:59,clear sky,39.05,-27.9833,59.86,77,1,21.63
155,Avarua,CK,2022-01-21 21:26:59,moderate rain,-21.2078,-159.775,80.65,89,75,16.11
156,Sao Gabriel Da Cachoeira,BR,2022-01-21 21:26:59,light rain,-0.1303,-67.0892,78.94,94,82,1.79
157,Beloha,MG,2022-01-21 21:27:00,overcast clouds,-25.1667,45.05,73.0,92,95,8.23
158,Sitia,GR,2022-01-21 21:27:00,overcast clouds,35.2,26.0986,54.99,75,100,17.67
159,Kerema,PG,2022-01-21 21:27:00,overcast clouds,-7.9631,145.7785,77.22,85,99,4.16
160,Aklavik,CA,2022-01-21 21:27:00,few clouds,68.2191,-135.0107,-19.37,68,20,4.61
161,Hualmay,PE,2022-01-21 21:27:01,scattered clouds,-11.0964,-77.6139,76.1,74,41,10.51
162,Codrington,AU,2022-01-21 21:27:01,clear sky,-38.2667,141.9667,70.65,41,10,6.02
163,Sao Filipe,CV,2022-01-21 21:27:01,overcast clouds,14.8961,-24.4956,73.22,78,94,6.76
164,Ancud,CL,2022-01-21 21:27:01,overcast clouds,-41.8697,-73.8203,64.42,71,99,13.2
165,Calvillo,MX,2022-01-21 21:27:02,overcast clouds,21.85,-102.7167,67.14,28,100,13.98
166,Hengyang,CN,2022-01-21 21:27:02,light rain,26.8881,112.615,46.6,94,100,5.5
167,Trelew,AR,2022-01-21 21:27:02,clear sky,-43.249,-65.3051,83.16,19,0,18.28
168,Gibara,CU,2022-01-21 21:27:02,scattered clouds,21.1097,-76.1317,88.92,62,36,13.06
169,Naryan-Mar,RU,2022-01-21 21:27:03,light snow,67.6713,53.087,24.39,96,100,11.95
170,Kizhinga,RU,2022-01-21 21:27:03,overcast clouds,51.8462,109.9097,-11.18,100,96,1.45
171,Omsukchan,RU,2022-01-21 21:27:03,clear sky,62.5333,155.8,-28.79,89,5,4.76
172,Atuona,PF,2022-01-21 21:27:03,few clouds,-9.8,-139.0333,78.93,75,16,24.25
173,Lar,IN,2022-01-21 21:27:04,clear sky,26.2039,83.9717,55.17,65,4,4.16
174,Khor,RU,2022-01-21 21:27:04,overcast clouds,47.8861,134.9464,-20.24,100,100,2.04
175,Darhan,MN,2022-01-21 21:27:04,overcast clouds,49.4867,105.9228,2.59,98,100,1.52
176,Nikolskoye,RU,2022-01-21 21:27:04,overcast clouds,59.7035,30.7861,27.39,97,94,5.82
177,Harer,ET,2022-01-21 21:27:05,scattered clouds,9.3094,42.1258,56.68,70,27,8.23
178,Belmonte,BR,2022-01-21 21:27:05,few clouds,-15.8631,-38.8828,81.1,76,17,10.74
179,Asfi,MA,2022-01-21 21:27:05,overcast clouds,32.2994,-9.2372,59.63,59,90,16.02
180,Yelatma,RU,2022-01-21 21:27:05,light snow,54.9675,41.7508,22.3,94,100,11.63
181,Tuktoyaktuk,CA,2022-01-21 21:27:06,few clouds,69.4541,-133.0374,-31.0,68,20,6.91
182,Torrington,US,2022-01-21 21:27:36,clear sky,41.8007,-73.1212,21.15,46,0,1.01
183,Mabaruma,GY,2022-01-21 21:27:36,overcast clouds,8.2,-59.7833,74.55,95,100,5.68
184,Caxito,AO,2022-01-21 21:27:37,overcast clouds,-8.5785,13.6643,77.65,83,94,2.51
185,Northam,GB,2022-01-21 21:27:37,overcast clouds,51.0333,-4.2167,43.39,75,97,8.48
186,Lompoc,US,2022-01-21 21:27:37,clear sky,34.6391,-120.4579,76.12,47,0,11.5
187,Luderitz,NA,2022-01-21 21:27:37,broken clouds,-26.6481,15.1594,77.63,63,82,4.5
188,Thunder Bay,CA,2022-01-21 21:22:48,overcast clouds,48.4001,-89.3168,19.56,57,100,14.97
189,Peniche,PT,2022-01-21 21:27:38,clear sky,39.3558,-9.3811,53.1,58,5,9.6
190,Touros,BR,2022-01-21 21:27:38,clear sky,-5.1989,-35.4608,81.5,68,7,11.77
191,Kem,RU,2022-01-21 21:27:38,overcast clouds,64.9555,34.5793,26.28,93,100,14.72
192,Port Hardy,CA,2022-01-21 21:27:38,overcast clouds,50.6996,-127.4199,42.76,93,100,6.91
193,San Quintin,MX,2022-01-21 21:27:39,clear sky,30.4833,-115.95,65.34,46,0,11.95
194,Sarai Naurang,PK,2022-01-21 21:27:39,overcast clouds,32.8259,70.7814,49.93,87,100,9.26
195,Labuhan,ID,2022-01-21 21:27:39,overcast clouds,-6.8844,112.2051,76.71,89,97,7.14
196,Fare,PF,2022-01-21 21:23:11,moderate rain,-16.7,-151.0167,80.28,75,100,14.29
197,Keetmanshoop,NA,2022-01-21 21:27:39,overcast clouds,-26.5833,18.1333,81.23,47,100,6.26
198,Thinadhoo,MV,2022-01-21 21:27:40,broken clouds,0.5333,72.9333,81.45,71,73,11.72
199,Margate,GB,2022-01-21 21:27:40,clear sky,51.3813,1.3862,40.86,82,9,5.01
200,Kamenka,RU,2022-01-21 21:27:40,overcast clouds,51.3223,42.7678,28.74,87,97,10.6
201,Port Blair,IN,2022-01-21 21:25:08,mist,11.6667,92.75,71.64,94,20,2.3
202,Kruisfontein,ZA,2022-01-21 21:27:41,few clouds,-34.0033,24.7314,73.89,92,11,3.15
203,Ha Tinh,VN,2022-01-21 21:27:41,overcast clouds,18.3333,105.9,64.56,93,88,1.23
204,Odweyne,SO,2022-01-21 21:25:17,clear sky,9.4092,45.064,64.2,61,6,8.93
205,Vostok,RU,2022-01-21 21:27:41,broken clouds,46.4856,135.8833,-19.62,99,71,4.47
206,Yankton,US,2022-01-21 21:27:41,mist,42.8711,-97.3973,26.11,86,100,12.66
207,Faya,SA,2022-01-21 21:27:42,scattered clouds,18.3851,42.4509,53.71,82,48,4.14
208,Klaksvik,FO,2022-01-21 21:27:42,overcast clouds,62.2266,-6.589,47.32,91,100,26.35
209,Hasaki,JP,2022-01-21 21:27:42,clear sky,35.7333,140.8333,27.0,45,1,8.77
210,Sivaki,RU,2022-01-21 21:27:42,clear sky,52.6333,126.75,-17.82,100,5,2.04
211,Kodiak,US,2022-01-21 21:27:43,light rain,57.79,-152.4072,44.11,76,100,28.77
212,Bagdarin,RU,2022-01-21 21:27:43,scattered clouds,54.4333,113.6,-11.72,99,40,3.29
213,Victoria,HK,2022-01-21 21:24:13,overcast clouds,22.2855,114.1577,66.18,88,100,15.28
214,Angoche,MZ,2022-01-21 21:27:43,light rain,-16.2325,39.9086,75.69,90,95,8.32
215,Saldanha,ZA,2022-01-21 21:27:43,clear sky,-33.0117,17.9442,71.65,71,0,9.08
216,Milovice,CZ,2022-01-21 21:27:44,few clouds,50.226,14.8886,33.66,81,13,13.87
217,Waipawa,NZ,2022-01-21 21:27:44,clear sky,-41.4122,175.5153,67.46,51,1,2.55
218,Kuzino,RU,2022-01-21 21:27:44,overcast clouds,57.0224,59.4412,0.61,100,97,3.22
219,Namatanai,PG,2022-01-21 21:23:11,overcast clouds,-3.6667,152.4333,80.76,79,100,3.58
220,Tuatapere,NZ,2022-01-21 21:27:44,scattered clouds,-46.1333,167.6833,57.81,71,46,5.23
221,Vao,NC,2022-01-21 21:27:45,overcast clouds,-22.6667,167.4833,78.28,87,99,12.86
222,Muchkapskiy,RU,2022-01-21 21:27:45,broken clouds,51.8513,42.4717,20.25,94,64,8.19
223,Naze,JP,2022-01-21 21:28:15,broken clouds,28.3667,129.4833,57.36,60,76,11.54
224,Santiago,CL,2022-01-21 21:28:15,clear sky,-33.4569,-70.6483,87.28,21,0,9.22
225,Awjilah,LY,2022-01-21 21:28:16,few clouds,29.1081,21.2869,52.57,47,21,2.21
226,San Cristobal,VE,2022-01-21 21:28:16,broken clouds,7.7669,-72.225,78.98,35,71,2.75
227,Mendoza,AR,2022-01-21 21:28:16,scattered clouds,-32.8908,-68.8272,87.33,45,40,10.36
228,Chernyshevskiy,RU,2022-01-21 21:28:16,broken clouds,63.0128,112.4714,-4.47,99,72,5.12
229,Seoul,KR,2022-01-21 21:23:20,broken clouds,37.5683,126.9778,24.24,73,75,1.14
230,Nacogdoches,US,2022-01-21 21:28:17,clear sky,31.6002,-94.6335,47.1,28,0,5.75
231,Marsh Harbour,BS,2022-01-21 21:28:17,scattered clouds,26.5412,-77.0636,77.0,77,47,10.11
232,Rorvik,NO,2022-01-21 21:28:17,broken clouds,64.8621,11.2373,28.51,100,75,13.8
233,Yar-Sale,RU,2022-01-21 21:28:18,broken clouds,66.8333,70.8333,4.44,96,84,12.35
234,Asau,RO,2022-01-21 21:28:18,scattered clouds,46.4333,26.4,27.95,58,36,7.76
235,Sao Joao Da Barra,BR,2022-01-21 21:28:18,few clouds,-21.6403,-41.0511,82.49,80,19,10.29
236,Sovetskiy,RU,2022-01-21 21:28:18,broken clouds,61.3614,63.5842,2.71,99,79,3.96
237,Aquiraz,BR,2022-01-21 21:28:19,scattered clouds,-3.9014,-38.3911,82.49,77,45,6.31
238,Novobirilyussy,RU,2022-01-21 21:28:19,overcast clouds,56.9514,90.6661,-5.85,100,97,3.24
239,Cherskiy,RU,2022-01-21 21:28:19,broken clouds,68.75,161.3,-49.18,100,80,4.07
240,Whitianga,NZ,2022-01-21 21:28:19,scattered clouds,-36.8333,175.7,69.53,63,37,7.27
241,Chara,RU,2022-01-21 21:28:20,broken clouds,56.9064,118.2631,-9.27,85,77,0.51
242,Kamaishi,JP,2022-01-21 21:28:20,few clouds,39.2667,141.8833,28.92,68,15,4.76
243,Manbij,SY,2022-01-21 21:26:08,overcast clouds,36.5281,37.9549,30.97,56,100,4.79
244,Hokitika,NZ,2022-01-21 21:28:20,clear sky,-42.7167,170.9667,64.09,67,0,3.13
245,Yuma,US,2022-01-21 21:27:28,clear sky,32.7253,-114.6244,73.89,19,0,9.22
246,Mehamn,NO,2022-01-21 21:28:20,few clouds,71.0357,27.8492,21.15,79,20,17.27
247,Pevek,RU,2022-01-21 21:28:21,scattered clouds,69.7008,170.3133,-36.29,99,47,4.59
248,Jasper,US,2022-01-21 21:28:21,few clouds,37.2001,-94.3502,33.06,28,20,3.0
249,Chuy,UY,2022-01-21 21:28:21,broken clouds,-33.6971,-53.4616,80.04,79,75,17.18
250,Ostrovnoy,RU,2022-01-21 21:28:21,overcast clouds,68.0531,39.5131,25.27,70,100,12.77
251,Oksfjord,NO,2022-01-21 21:28:22,overcast clouds,70.2396,22.3479,29.32,88,100,11.56
252,Aktash,RU,2022-01-21 21:28:22,broken clouds,50.3,87.7333,-16.6,90,61,4.0
253,Kodinsk,RU,2022-01-21 21:28:22,overcast clouds,58.6881,99.1844,-9.63,100,100,0.87
254,Conselheiro Pena,BR,2022-01-21 21:28:22,scattered clouds,-19.1722,-41.4722,81.48,74,42,2.37
255,Pisco,PE,2022-01-21 21:25:41,clear sky,-13.7,-76.2167,77.05,65,0,23.02
256,Ponta Do Sol,PT,2022-01-21 21:28:23,overcast clouds,32.6667,-17.1,66.7,64,100,13.89
257,Sirsi,IN,2022-01-21 21:28:23,scattered clouds,14.6167,74.85,61.83,97,38,3.85
258,Ulladulla,AU,2022-01-21 21:28:23,overcast clouds,-35.35,150.4667,67.1,68,96,2.17
259,Xiongzhou,CN,2022-01-21 21:28:24,light rain,25.1167,114.3,59.77,77,100,1.12
260,Plouzane,FR,2022-01-21 21:28:24,few clouds,48.3833,-4.6167,37.45,87,20,2.3
261,Praia Da Vitoria,PT,2022-01-21 21:28:24,scattered clouds,38.7333,-27.0667,61.05,82,40,18.05
262,Lyngseidet,NO,2022-01-21 21:28:24,overcast clouds,69.5763,20.2189,28.49,86,100,13.47
263,Blyznyuky,UA,2022-01-21 21:28:25,clear sky,48.8578,36.5551,19.78,93,8,10.29
264,Deputatskiy,RU,2022-01-21 21:28:25,broken clouds,69.3,139.9,-23.67,80,73,3.36
265,Timbiqui,CO,2022-01-21 21:28:25,moderate rain,2.7717,-77.6654,77.52,91,100,3.78
266,Cuitareo,MX,2022-01-21 21:28:25,overcast clouds,19.6167,-100.6,62.55,47,87,11.5
267,Abnub,EG,2022-01-21 21:28:26,clear sky,27.2696,31.1511,49.01,44,0,7.23
268,Dakar,SN,2022-01-21 21:28:44,overcast clouds,14.6937,-17.4441,77.88,83,100,2.3
269,Atambua,ID,2022-01-21 21:28:56,overcast clouds,-9.1061,124.8925,73.78,90,100,5.03
270,Bilibino,RU,2022-01-21 21:28:56,clear sky,68.0546,166.4372,-33.63,84,4,1.72
271,Pangnirtung,CA,2022-01-21 21:28:56,few clouds,66.1451,-65.7125,-23.8,69,20,0.0
272,Sangar,RU,2022-01-21 21:28:57,overcast clouds,63.9242,127.4739,-24.92,97,99,4.7
273,Kavieng,PG,2022-01-21 21:28:57,overcast clouds,-2.5744,150.7967,82.78,74,100,4.16
274,Hervey Bay,AU,2022-01-21 21:28:57,overcast clouds,-25.2986,152.8535,75.04,66,89,18.14
275,Lashio,MM,2022-01-21 21:28:57,scattered clouds,22.9333,97.75,47.28,97,26,1.63
276,Lublin,PL,2022-01-21 21:28:58,overcast clouds,51.0,23.0,27.99,93,100,15.61
277,Haines Junction,CA,2022-01-21 21:28:58,overcast clouds,60.7522,-137.5108,39.15,65,100,8.05
278,Hambantota,LK,2022-01-21 21:28:58,broken clouds,6.1241,81.1185,73.69,80,79,3.36
279,Kasongo-Lunda,CD,2022-01-21 21:28:58,moderate rain,-6.4667,16.8167,69.46,98,100,1.36
280,Elizabeth City,US,2022-01-21 21:28:59,overcast clouds,36.2946,-76.2511,30.22,90,100,21.85
281,Deer Lake,CA,2022-01-21 21:28:59,scattered clouds,49.1667,-57.4316,8.46,72,40,8.05
282,Humberto De Campos,BR,2022-01-21 21:28:59,broken clouds,-2.5983,-43.4611,80.49,78,70,6.4
283,Geraldton,AU,2022-01-21 21:27:49,clear sky,-28.7667,114.6,82.81,17,0,10.36
284,Safaga,EG,2022-01-21 21:28:59,clear sky,26.7292,33.9365,58.05,60,0,6.24
285,Coquimbo,CL,2022-01-21 21:29:00,clear sky,-29.9533,-71.3436,65.93,72,0,12.66
286,Iberia,US,2022-01-21 21:29:00,clear sky,29.9502,-91.7507,39.27,52,0,17.27
287,Kabare,CD,2022-01-21 21:29:00,overcast clouds,-2.4683,28.8242,61.5,93,98,0.6
288,Yabrud,SY,2022-01-21 21:29:00,scattered clouds,33.9674,36.6574,17.26,69,32,5.12
289,Acajutla,SV,2022-01-21 21:29:01,clear sky,13.5928,-89.8275,98.94,55,0,7.47
290,Saint-Leu,RE,2022-01-21 21:29:01,few clouds,-21.15,55.2833,79.66,82,23,3.13
291,Stjordalshalsen,NO,2022-01-21 21:29:01,overcast clouds,63.4681,10.9262,32.61,93,100,9.22
292,Vestmannaeyjar,IS,2022-01-21 21:29:01,overcast clouds,63.4427,-20.2734,43.09,78,100,38.48
293,Kitale,KE,2022-01-21 21:29:01,overcast clouds,1.0157,35.0062,59.29,67,100,2.24
294,Bonthe,SL,2022-01-21 21:29:02,clear sky,7.5264,-12.505,78.51,77,9,6.08
295,Timra,SE,2022-01-21 21:29:02,clear sky,62.487,17.3257,21.67,62,6,10.36
296,El Limon,VE,2022-01-21 21:29:02,broken clouds,10.3059,-67.6321,78.22,68,82,8.93
297,La Macarena,CO,2022-01-21 21:29:03,overcast clouds,2.1837,-73.7849,91.78,37,90,4.99
298,Briceni,MD,2022-01-21 21:29:03,overcast clouds,48.3572,27.7036,26.74,77,99,17.78
299,Scottsbluff,US,2022-01-21 21:29:03,clear sky,41.8666,-103.6672,41.29,73,0,11.01
300,Voh,NC,2022-01-21 21:29:03,clear sky,-20.9667,164.7,81.14,78,5,3.18
301,Erenhot,CN,2022-01-21 21:29:04,overcast clouds,43.6475,111.9767,14.34,96,97,3.13
302,Tongchuan,CN,2022-01-21 21:29:04,overcast clouds,35.0806,109.0897,27.28,96,99,2.26
303,Basco,PH,2022-01-21 21:29:04,overcast clouds,20.4487,121.9702,73.98,83,100,28.99
304,Tingo Maria,PE,2022-01-21 21:29:04,scattered clouds,-9.2895,-76.0088,82.83,59,35,3.33
305,Oka,CA,2022-01-21 21:29:05,broken clouds,45.4649,-74.0889,2.82,50,72,1.01
306,Waingapu,ID,2022-01-21 21:29:05,overcast clouds,-9.6567,120.2641,76.68,87,100,6.64
307,Coalinga,US,2022-01-21 21:29:05,scattered clouds,36.1397,-120.3602,62.78,36,40,10.36
308,Katsuura,JP,2022-01-21 21:29:05,clear sky,35.1333,140.3,37.51,45,0,5.3
309,Tiksi,RU,2022-01-21 21:29:06,overcast clouds,71.6872,128.8694,-5.04,88,100,9.26
310,Ratnagiri,IN,2022-01-21 21:29:06,clear sky,16.9833,73.3,71.83,85,8,7.34
311,Voskresenskoye,RU,2022-01-21 21:29:06,snow,56.8381,45.4317,18.21,94,100,11.03
312,Nanortalik,GL,2022-01-21 21:29:06,broken clouds,60.1432,-45.2371,15.71,67,65,6.76
313,Benito Juarez,MX,2022-01-21 21:29:07,broken clouds,19.385,-99.165,67.84,28,75,20.0
314,Haapiti,PF,2022-01-21 21:29:07,light rain,-17.5667,-149.8667,76.73,78,100,12.62
315,Pemangkat,ID,2022-01-21 21:29:37,overcast clouds,1.1667,108.9667,76.01,90,100,5.93
316,Waddan,LY,2022-01-21 21:29:37,overcast clouds,29.1614,16.139,52.92,42,88,1.32
317,Wewak,PG,2022-01-21 21:29:38,heavy intensity rain,-3.5534,143.6268,77.09,93,100,6.46
318,Sawtell,AU,2022-01-21 21:29:38,overcast clouds,-30.3833,153.1,68.32,93,100,13.8
319,College,US,2022-01-21 21:29:38,overcast clouds,64.8569,-147.8028,15.78,78,100,9.22
320,Lapa,BR,2022-01-21 21:29:38,clear sky,-25.7697,-49.7158,78.78,61,9,5.3
321,Gouyave,GD,2022-01-21 21:29:39,few clouds,12.1646,-61.7296,79.57,69,20,18.41
322,Rio Gallegos,AR,2022-01-21 21:29:39,scattered clouds,-51.6226,-69.2181,64.45,68,40,13.8
323,Tazovskiy,RU,2022-01-21 21:29:39,overcast clouds,67.4667,78.7,5.7,94,89,13.04
324,Yerbogachen,RU,2022-01-21 21:29:39,overcast clouds,61.2767,108.0108,-11.87,100,85,5.03
325,Xiaoweizhai,CN,2022-01-21 21:29:40,overcast clouds,26.1903,107.5125,50.65,99,100,2.77
326,Teseney,ER,2022-01-21 21:29:40,few clouds,15.11,36.6575,69.91,49,13,8.41
327,Kutum,SD,2022-01-21 21:25:09,scattered clouds,14.2,24.6667,57.52,20,50,7.14
328,Nara,JP,2022-01-21 21:29:24,broken clouds,34.6851,135.8049,38.48,46,53,2.15
329,Charleston,US,2022-01-21 21:29:24,light rain,32.7766,-79.9309,35.22,96,100,8.01
330,Tura,IN,2022-01-21 21:29:40,clear sky,25.5198,90.2201,53.58,82,10,2.71
331,Vagur,FO,2022-01-21 21:29:40,overcast clouds,61.4732,-6.8119,46.76,90,100,29.77
332,Batemans Bay,AU,2022-01-21 21:29:41,broken clouds,-35.7167,150.1833,68.2,71,70,3.29
333,Hamilton,US,2022-01-21 21:25:41,clear sky,39.1834,-84.5333,27.23,55,0,1.99
334,Rabo De Peixe,PT,2022-01-21 21:29:41,scattered clouds,37.8,-25.5833,60.31,97,40,12.66
335,Sorong,ID,2022-01-21 21:29:41,moderate rain,-0.8833,131.25,79.02,85,100,5.44
336,Zarand,IR,2022-01-21 21:29:42,clear sky,30.8127,56.564,28.63,36,0,2.51
337,Tlaxco,MX,2022-01-21 21:29:42,overcast clouds,19.6167,-98.1167,58.89,48,95,12.06
338,Kintampo,GH,2022-01-21 21:29:42,scattered clouds,8.0563,-1.7306,79.59,16,37,3.18
339,Ponta Delgada,PT,2022-01-21 21:29:42,scattered clouds,37.7333,-25.6667,61.52,67,40,12.66
340,Ubata,BR,2022-01-21 21:29:43,scattered clouds,-14.2139,-39.5228,79.09,64,47,5.44
341,Bedele,ET,2022-01-21 21:29:43,overcast clouds,8.456,36.353,59.43,51,100,3.42
342,Eirunepe,BR,2022-01-21 21:29:43,moderate rain,-6.6603,-69.8736,76.91,86,93,2.01
343,Caravelas,BR,2022-01-21 21:29:43,scattered clouds,-17.7125,-39.2481,79.05,78,25,8.63
344,Lavrentiya,RU,2022-01-21 21:29:44,snow,65.5833,-171.0,4.8,92,100,23.71
345,Chippewa Falls,US,2022-01-21 21:29:44,clear sky,44.9369,-91.3929,15.39,46,0,13.8
346,Nouadhibou,MR,2022-01-21 21:29:44,overcast clouds,20.931,-17.0347,66.18,88,100,10.36
347,Wenling,CN,2022-01-21 21:29:44,overcast clouds,28.3669,121.36,48.9,81,100,5.84
348,Santa Barbara,US,2022-01-21 21:29:45,clear sky,34.7333,-120.0343,68.9,50,0,6.91
349,Ixtapa,MX,2022-01-21 21:29:45,broken clouds,20.7,-105.2,79.83,61,75,2.3
350,Koslan,RU,2022-01-21 21:29:45,overcast clouds,63.4564,48.8989,16.25,94,100,6.53
351,South Portland,US,2022-01-21 21:29:45,clear sky,43.6415,-70.2409,19.24,41,0,3.0
352,Paralimni,CY,2022-01-21 21:29:46,overcast clouds,35.0375,33.9833,51.08,72,100,3.0
353,Evensk,RU,2022-01-21 21:29:46,clear sky,61.95,159.2333,-13.65,76,1,5.32
354,Skjervoy,NO,2022-01-21 21:29:46,overcast clouds,70.0311,20.9714,31.21,62,100,14.72
355,Zhanaozen,KZ,2022-01-21 21:29:46,clear sky,43.3,52.8,21.6,89,6,4.76
356,Camacha,PT,2022-01-21 21:29:47,scattered clouds,33.0833,-16.3333,62.53,82,40,24.16
357,Zeya,RU,2022-01-21 21:29:47,clear sky,53.75,127.2667,-13.86,98,6,1.57
358,Port Lincoln,AU,2022-01-21 21:29:47,light rain,-34.7333,135.8667,68.65,97,100,20.02
359,Nusaybin,TR,2022-01-21 21:29:47,clear sky,37.0778,41.2178,22.59,80,0,2.3
360,Suntar,RU,2022-01-21 21:30:18,broken clouds,62.1444,117.6319,-9.09,100,62,4.32
361,Hohhot,CN,2022-01-21 21:30:18,mist,40.8106,111.6522,25.09,93,40,4.47
362,Palmer,US,2022-01-21 21:25:50,clear sky,42.1584,-72.3287,20.75,42,0,1.01
363,Constitucion,CL,2022-01-21 21:30:18,clear sky,-35.3333,-72.4167,63.46,64,0,11.3
364,Necochea,AR,2022-01-21 21:30:18,overcast clouds,-38.5473,-58.7368,74.23,86,86,9.26
365,Akyab,MM,2022-01-21 21:30:19,few clouds,20.15,92.9,62.55,76,13,7.54
366,Alice Springs,AU,2022-01-21 21:30:12,overcast clouds,-23.7,133.8833,74.21,95,100,1.01
367,Salalah,OM,2022-01-21 21:30:19,scattered clouds,17.0151,54.0924,73.49,27,28,29.93
368,Severnyy-Kospashskiy,RU,2022-01-21 21:30:19,overcast clouds,59.0925,57.8008,3.65,99,100,3.18
369,Namalenga,TZ,2022-01-21 21:30:20,scattered clouds,-10.95,39.1,71.56,91,45,2.21
370,Najran,SA,2022-01-21 21:30:20,clear sky,17.4924,44.1277,54.25,64,4,4.03
371,Tessalit,ML,2022-01-21 21:30:20,scattered clouds,20.1986,1.0114,61.39,19,50,9.66
372,Katangli,RU,2022-01-21 21:30:20,scattered clouds,51.7102,143.2326,-11.67,97,27,6.46
373,Tilichiki,RU,2022-01-21 21:30:21,clear sky,60.4667,166.1,-20.99,86,5,8.3
374,Niamey,NE,2022-01-21 21:29:02,dust,13.5137,2.1098,73.69,11,0,5.75
375,Tosno,RU,2022-01-21 21:30:21,light snow,59.54,30.8775,26.42,96,96,5.97
376,Lethem,GY,2022-01-21 21:30:21,few clouds,3.3803,-59.7968,86.05,74,20,13.8
377,Shubarshi,KZ,2022-01-21 21:30:21,scattered clouds,48.5872,57.1869,-1.8,94,26,3.38
378,Luanda,AO,2022-01-21 21:30:22,clear sky,-8.8368,13.2343,77.0,78,0,10.36
379,Isangel,VU,2022-01-21 21:30:22,few clouds,-19.55,169.2667,86.11,74,20,3.44
380,Hami,CN,2022-01-21 21:30:22,broken clouds,42.8,93.45,25.03,51,80,4.63
381,Olafsvik,IS,2022-01-21 21:30:23,light rain,64.8945,-23.7142,38.3,83,94,34.99
382,Leninsk,RU,2022-01-21 21:30:23,light snow,48.7119,45.1994,33.66,88,100,16.31
383,Dedza,MW,2022-01-21 21:30:23,clear sky,-14.3779,34.3332,54.3,87,0,3.91
384,Anadyr,RU,2022-01-21 21:30:23,fog,64.75,177.4833,-30.5,66,32,13.0
385,Broken Hill,AU,2022-01-21 21:30:24,overcast clouds,-31.95,141.4333,76.71,38,91,17.27
386,Tadine,NC,2022-01-21 21:30:24,overcast clouds,-21.55,167.8833,81.64,82,93,9.48
387,Raga,SS,2022-01-21 21:30:24,broken clouds,8.4596,25.678,68.61,21,67,4.38
388,Atikokan,CA,2022-01-21 21:30:24,snow,48.7555,-91.6216,12.81,93,100,14.94
389,Fortuna,US,2022-01-21 21:30:25,clear sky,40.5982,-124.1573,58.93,76,0,1.99
390,Viedma,AR,2022-01-21 21:30:25,clear sky,-40.8135,-62.9967,82.44,15,0,3.29
391,Mugla,TR,2022-01-21 21:30:25,light rain,37.2303,28.3557,41.67,97,94,7.45
392,Tartagal,AR,2022-01-21 21:30:26,scattered clouds,-22.5164,-63.8013,102.34,30,35,9.6
393,Richards Bay,ZA,2022-01-21 21:30:26,overcast clouds,-28.783,32.0377,74.01,67,93,3.58
394,Havoysund,NO,2022-01-21 21:30:26,light snow,70.9963,24.6622,29.28,84,100,16.31
395,Fairview,US,2022-01-21 21:26:16,clear sky,40.8126,-73.999,24.39,40,0,3.0
396,Galesburg,US,2022-01-21 21:30:26,clear sky,40.9478,-90.3712,22.82,67,0,3.0
397,Zonguldak,TR,2022-01-21 21:30:27,light snow,41.25,31.8333,30.65,100,100,3.13
398,Georgetown,MY,2022-01-21 21:29:27,few clouds,5.4112,100.3354,79.9,85,20,1.01
399,Auki,SB,2022-01-21 21:30:27,overcast clouds,-8.7676,160.7034,80.92,84,100,4.05
400,Cayenne,GF,2022-01-21 21:30:27,clear sky,4.9333,-52.3333,77.04,91,0,1.01
401,Lodwar,KE,2022-01-21 21:30:27,overcast clouds,3.1191,35.5973,83.98,40,100,2.77
402,Port Macquarie,AU,2022-01-21 21:30:28,overcast clouds,-31.4333,152.9167,69.89,75,95,9.93
403,Aswan,EG,2022-01-21 21:30:28,clear sky,24.0934,32.907,54.37,48,0,11.83
404,Ballina,AU,2022-01-21 21:30:28,light rain,-28.8667,153.5667,71.56,89,100,5.75
405,Bloemfontein,ZA,2022-01-21 21:30:29,clear sky,-29.1211,26.214,67.48,56,2,6.91
406,Benguela,AO,2022-01-21 21:30:29,scattered clouds,-12.5763,13.4055,74.61,73,50,4.29
407,San Pedro,PH,2022-01-21 21:30:59,broken clouds,14.35,121.0167,76.23,85,75,0.0
408,Surt,LY,2022-01-21 21:30:59,broken clouds,31.2089,16.5887,57.36,53,56,0.6
409,Ibra,OM,2022-01-21 21:31:00,clear sky,22.6906,58.5334,60.21,52,1,9.55
410,Vilhena,BR,2022-01-21 21:31:00,scattered clouds,-12.7406,-60.1458,82.62,61,40,6.91
411,Namibe,AO,2022-01-21 21:31:00,overcast clouds,-15.1961,12.1522,71.13,81,95,7.31
412,Dongsheng,CN,2022-01-21 21:31:01,overcast clouds,39.8161,109.9776,21.42,91,98,4.88
413,Narsaq,GL,2022-01-21 21:31:01,overcast clouds,60.9167,-46.05,10.62,68,96,11.43
414,Yuanping,CN,2022-01-21 21:31:01,overcast clouds,38.7153,112.7575,17.82,97,100,0.65
415,Chumikan,RU,2022-01-21 21:31:01,clear sky,54.7183,135.315,-9.74,88,9,20.87
416,Abancay,PE,2022-01-21 21:31:02,broken clouds,-13.6339,-72.8814,67.55,66,83,5.5
417,Teguldet,RU,2022-01-21 21:31:02,overcast clouds,57.3064,88.1667,-3.96,100,100,3.53
418,Acari,PE,2022-01-21 21:31:02,overcast clouds,-15.4311,-74.6158,75.02,82,98,8.97
419,Houston,US,2022-01-21 21:30:01,clear sky,29.7633,-95.3633,53.87,36,0,3.0
420,Impfondo,CG,2022-01-21 21:31:03,few clouds,1.6381,18.0667,75.38,46,18,2.19
421,Palora,EC,2022-01-21 21:31:03,light rain,-1.7,-77.9333,78.91,77,55,1.16
422,Bosobolo,CD,2022-01-21 21:31:03,scattered clouds,4.1833,19.9,76.44,30,32,1.68
423,Oranzherei,RU,2022-01-21 21:31:03,overcast clouds,45.8476,47.5663,22.96,84,90,10.27
424,Tapes,BR,2022-01-21 21:31:04,scattered clouds,-30.6733,-51.3958,80.58,77,49,15.95
425,Nacala,MZ,2022-01-21 21:30:23,scattered clouds,-14.5428,40.6728,72.84,95,30,6.85
426,Balabac,PH,2022-01-21 21:31:04,overcast clouds,7.9868,117.0645,79.47,79,100,10.63
427,Antofagasta,CL,2022-01-21 21:31:04,scattered clouds,-23.65,-70.4,70.21,60,40,9.44
428,Puerto El Triunfo,SV,2022-01-21 21:31:04,clear sky,13.2833,-88.55,99.46,56,1,7.05
429,Yatou,CN,2022-01-21 21:31:05,overcast clouds,37.15,122.3833,30.45,53,98,3.04
430,Zaraza,VE,2022-01-21 21:31:05,overcast clouds,9.3503,-65.3245,81.55,62,100,12.62
431,Sijunjung,ID,2022-01-21 21:31:05,broken clouds,-0.6876,100.9537,70.12,98,71,1.1
432,Tuy Hoa,VN,2022-01-21 21:31:05,scattered clouds,13.0833,109.3,67.75,93,46,4.56
433,Buritis,BR,2022-01-21 21:31:06,few clouds,-15.6178,-46.4233,73.85,84,14,4.12
434,Macae,BR,2022-01-21 21:31:06,scattered clouds,-22.3708,-41.7869,80.47,89,40,8.05
435,Aguilas,ES,2022-01-21 21:31:06,scattered clouds,37.4063,-1.5829,49.21,85,37,8.55
436,Calama,CL,2022-01-21 21:27:41,few clouds,-22.4667,-68.9333,77.49,23,17,31.07
437,Ngunguru,NZ,2022-01-21 21:31:07,few clouds,-35.6167,174.5,73.17,68,11,5.57
438,Tonj,SS,2022-01-21 21:30:19,overcast clouds,7.2737,28.6822,75.18,23,86,4.03
439,Amparafaravola,MG,2022-01-21 21:31:07,light rain,-17.5833,48.2167,65.46,97,100,4.5
440,Malartic,CA,2022-01-21 21:30:07,few clouds,48.1335,-78.1328,6.03,77,18,8.39
441,Madang,PG,2022-01-21 21:31:07,overcast clouds,-5.2246,145.7966,76.75,90,100,4.0
442,Muisne,EC,2022-01-21 21:31:07,overcast clouds,0.6,-80.0333,80.71,77,88,8.61
443,Axim,GH,2022-01-21 21:31:08,clear sky,4.8699,-2.2405,79.23,77,9,6.38
444,Kisangani,CD,2022-01-21 21:31:08,overcast clouds,0.5167,25.2,70.79,63,97,2.08
445,Havre-Saint-Pierre,CA,2022-01-21 21:31:08,clear sky,50.2334,-63.5986,7.39,60,0,9.22
446,Sur,OM,2022-01-21 21:31:08,clear sky,22.5667,59.5289,67.35,59,4,31.7
447,Nuuk,GL,2022-01-21 21:31:09,light shower snow,64.1835,-51.7216,14.61,79,100,3.44
448,Vardo,NO,2022-01-21 21:31:09,few clouds,70.3705,31.1107,20.95,79,20,17.27
449,Talara,PE,2022-01-21 21:31:09,clear sky,-4.5772,-81.2719,81.36,61,0,16.24
450,Longyearbyen,SJ,2022-01-21 21:27:41,light snow,78.2186,15.6401,24.64,74,75,16.11
451,Jinja,UG,2022-01-21 21:28:12,overcast clouds,0.439,33.2032,69.12,68,100,4.16
452,Clarence Town,AU,2022-01-21 21:31:09,broken clouds,-32.5833,151.7833,72.99,76,66,2.75
453,La Ronge,CA,2022-01-21 21:30:18,clear sky,55.1001,-105.2842,-5.55,59,0,13.8
454,Valdivia,CL,2022-01-21 21:31:40,scattered clouds,-39.8142,-73.2459,69.89,59,48,6.76
455,Dudinka,RU,2022-01-21 21:31:40,overcast clouds,69.4058,86.1778,15.62,93,100,20.07
456,Almenara,BR,2022-01-21 21:31:40,clear sky,-16.1836,-40.6944,74.52,75,3,3.04
457,Jiaojiang,CN,2022-01-21 21:31:41,overcast clouds,28.6803,121.4428,48.99,80,100,3.87
458,Castanos,MX,2022-01-21 21:31:41,few clouds,26.7833,-101.4167,48.34,33,20,6.91
459,San Miguel,SV,2022-01-21 21:31:41,clear sky,13.4833,-88.1833,98.2,44,0,4.61
460,Quatre Cocos,MU,2022-01-21 21:31:41,light rain,-20.2078,57.7625,82.51,84,46,18.23
461,Husavik,IS,2022-01-21 21:31:42,clear sky,66.0449,-17.3389,39.11,66,5,30.0
462,Black River,JM,2022-01-21 21:31:42,clear sky,18.0264,-77.8487,82.4,62,5,11.03
463,Santiago De Cuba,CU,2022-01-21 21:27:33,few clouds,20.0247,-75.8219,83.82,69,20,8.05
464,Opuwo,NA,2022-01-21 21:31:42,light rain,-18.0607,13.84,67.59,86,100,1.7
465,Nhulunbuy,AU,2022-01-21 21:31:42,broken clouds,-12.2333,136.7667,79.41,94,75,1.14
466,Bollnas,SE,2022-01-21 21:31:43,few clouds,61.3482,16.3946,20.39,89,13,3.69
467,Ahipara,NZ,2022-01-21 21:31:43,clear sky,-35.1667,173.1667,72.01,50,4,1.23
468,Kununurra,AU,2022-01-21 21:31:43,overcast clouds,-15.7667,128.7333,78.78,94,100,0.0
469,Vung Tau,VN,2022-01-21 21:31:43,overcast clouds,10.346,107.0843,74.39,82,87,9.57
470,Abu Dhabi,AE,2022-01-21 21:27:00,broken clouds,24.4667,54.3667,62.71,60,75,5.01
471,Bingen,DE,2022-01-21 21:31:44,overcast clouds,48.1113,9.2724,31.39,86,91,3.51
472,Kostomuksha,RU,2022-01-21 21:31:44,broken clouds,64.571,30.5767,18.01,92,79,10.16
473,Otjimbingwe,NA,2022-01-21 21:31:44,light rain,-22.35,16.1333,75.18,65,100,13.15
474,Yumen,CN,2022-01-21 21:31:44,broken clouds,40.2833,97.2,19.53,55,70,5.28
475,Chapais,CA,2022-01-21 21:31:45,broken clouds,49.7834,-74.8492,1.18,90,65,8.5
476,Puerto Rico,AR,2022-01-21 21:31:25,broken clouds,-26.796,-55.024,93.09,35,55,3.15
477,Miguelopolis,BR,2022-01-21 21:27:38,scattered clouds,-20.1794,-48.0319,87.62,76,31,4.21
478,Conde,BR,2022-01-21 21:31:45,few clouds,-7.2597,-34.9075,80.06,78,20,10.36
479,Lewistown,US,2022-01-21 21:27:06,clear sky,40.5992,-77.5714,23.77,73,0,3.44
480,Saint-Pierre,RE,2022-01-21 21:31:45,scattered clouds,-21.3393,55.4781,80.28,83,47,2.3
481,Shirokiy,RU,2022-01-21 21:31:46,broken clouds,49.758,129.523,-29.2,100,56,1.83
482,Charyshskoye,RU,2022-01-21 21:31:46,scattered clouds,51.3978,83.5598,-1.48,94,27,3.8
483,Ridgecrest,US,2022-01-21 21:31:46,dust,35.6225,-117.6709,62.69,18,40,14.0
484,Baruun-Urt,MN,2022-01-21 21:31:46,clear sky,46.6806,113.2792,-6.0,94,6,4.05
485,Sivas,TR,2022-01-21 21:31:47,broken clouds,39.7916,37.0019,21.83,73,75,16.11
486,Maitum,PH,2022-01-21 21:31:47,overcast clouds,6.0392,124.4986,76.3,84,100,4.47
487,Bubaque,GW,2022-01-21 21:31:47,overcast clouds,11.2833,-15.8333,79.07,76,90,7.47
488,Dongkan,CN,2022-01-21 21:31:47,overcast clouds,33.9997,119.8308,38.64,82,99,7.29
489,San Carlos De Bariloche,AR,2022-01-21 21:30:10,scattered clouds,-41.1456,-71.3082,72.45,34,40,20.71
490,Poso,ID,2022-01-21 21:31:48,overcast clouds,-1.3959,120.7524,75.42,85,93,3.38
491,Kupang,ID,2022-01-21 21:31:48,broken clouds,-10.1667,123.5833,77.58,100,75,3.44
492,Kyaikto,MM,2022-01-21 21:31:48,clear sky,17.3,97.0167,67.53,75,10,1.77
493,Sorland,NO,2022-01-21 21:31:48,light snow,67.667,12.6934,33.87,91,100,35.77
494,Zhigansk,RU,2022-01-21 21:31:49,overcast clouds,66.7697,123.3711,-14.84,97,100,15.75
495,Cheran,MX,2022-01-21 21:31:49,overcast clouds,19.6833,-101.95,58.6,36,97,9.31
496,Moba,CN,2022-01-21 21:31:49,overcast clouds,33.2288,105.0179,31.28,88,97,3.67
497,Laguna,US,2022-01-21 21:31:49,clear sky,38.421,-121.4238,69.35,37,0,5.99
498,Nueva Guinea,NI,2022-01-21 21:31:50,overcast clouds,11.6876,-84.4562,77.49,83,99,11.45
499,Feijo,BR,2022-01-21 21:31:50,moderate rain,-8.1642,-70.3536,78.57,86,100,1.32
500,Henties Bay,NA,2022-01-21 21:32:20,overcast clouds,-22.116,14.2845,71.85,85,100,5.53
501,Camargo,MX,2022-01-21 21:32:21,clear sky,27.6667,-105.1667,57.51,29,0,6.11
502,Darnah,LY,2022-01-21 21:32:21,few clouds,32.767,22.6367,55.27,72,14,17.29
503,Bonavista,CA,2022-01-21 21:32:21,overcast clouds,48.6499,-53.1147,25.12,68,100,18.72
504,Sungaipenuh,ID,2022-01-21 21:32:21,moderate rain,-2.0833,101.3833,63.01,95,99,2.37
505,Ostersund,SE,2022-01-21 21:32:22,overcast clouds,63.1792,14.6357,18.05,86,95,4.61
506,Shiraz,IR,2022-01-21 21:31:02,clear sky,29.6036,52.5388,29.64,47,0,0.0
507,Harsud,IN,2022-01-21 21:32:22,clear sky,22.1,76.7333,65.5,45,0,4.72
508,Grimma,DE,2022-01-21 21:32:22,snow,51.2333,12.7167,35.91,98,100,16.13
509,Mtinko,TZ,2022-01-21 21:32:22,light rain,-4.55,34.85,61.3,90,100,2.93
510,Ulaangom,MN,2022-01-21 21:32:23,overcast clouds,49.9811,92.0667,-0.45,96,96,1.83
511,Rosario,AR,2022-01-21 21:30:57,clear sky,-32.9468,-60.6393,103.95,38,0,3.0
512,Port Moresby,PG,2022-01-21 21:32:23,few clouds,-9.4431,147.1797,74.62,94,20,4.61
513,Khandyga,RU,2022-01-21 21:32:23,overcast clouds,62.6667,135.6,-22.45,98,100,1.77
514,Kindu,CD,2022-01-21 21:32:23,overcast clouds,-2.95,25.95,70.83,91,100,1.39
515,Salinas,US,2022-01-21 21:32:24,clear sky,36.6777,-121.6555,70.16,35,0,12.66
516,Barvinkove,UA,2022-01-21 21:32:24,clear sky,48.9097,37.0205,20.12,93,8,9.71
517,Santa Isabel Do Rio Negro,BR,2022-01-21 21:32:24,overcast clouds,-0.4139,-65.0192,77.76,96,100,1.81
518,Lourdes,FR,2022-01-21 21:32:24,clear sky,43.1,-0.05,32.92,86,0,2.3
519,Nipawin,CA,2022-01-21 21:30:22,clear sky,53.3668,-104.0009,-0.36,65,0,19.57
520,Noumea,NC,2022-01-21 21:32:25,scattered clouds,-22.2763,166.4572,80.01,99,42,0.81
521,Kouroussa,GN,2022-01-21 21:32:25,overcast clouds,10.65,-9.8833,75.42,17,97,4.74
522,Westport,US,2022-01-21 21:29:39,clear sky,41.1415,-73.3579,24.57,41,0,1.99
523,The Hague,NL,2022-01-21 21:32:25,overcast clouds,52.0767,4.2986,43.99,77,100,1.99
524,Phillipsburg,US,2022-01-21 21:32:26,broken clouds,40.6937,-75.1902,25.16,39,58,1.01
525,Otanche,CO,2022-01-21 21:32:26,scattered clouds,5.6567,-74.1825,77.18,74,45,2.39
526,Touba,CI,2022-01-21 21:32:26,broken clouds,8.2833,-7.6833,74.34,15,61,3.65
527,Bosanska Kostajnica,HR,2022-01-21 21:32:26,scattered clouds,45.2159,16.5444,31.98,76,36,4.23
528,Akdepe,TM,2022-01-21 21:32:27,clear sky,42.0551,59.3788,19.49,89,8,8.86
529,Carutapera,BR,2022-01-21 21:32:27,light rain,-1.195,-46.02,78.15,84,44,7.18
530,Gol,NO,2022-01-21 21:32:27,overcast clouds,60.7014,8.9457,21.06,94,100,2.77
531,Camabatela,AO,2022-01-21 21:32:28,broken clouds,-8.1881,15.375,60.67,78,54,1.77
532,Iracoubo,GF,2022-01-21 21:32:28,overcast clouds,5.4802,-53.2011,76.44,90,85,9.42
533,Mareeba,AU,2022-01-21 21:32:28,overcast clouds,-17.0,145.4333,74.44,91,100,3.69
534,Juneau,US,2022-01-21 21:32:28,moderate rain,58.3019,-134.4197,39.85,96,100,4.0
535,Chunoyar,RU,2022-01-21 21:32:29,overcast clouds,57.4467,97.3217,-2.79,100,96,2.33
536,Oranjemund,NA,2022-01-21 21:32:29,overcast clouds,-28.55,16.4333,76.5,67,98,2.98
537,Ciudad Bolivar,VE,2022-01-21 21:32:29,overcast clouds,8.1222,-63.5497,85.01,58,100,12.73
538,Pingyin,CN,2022-01-21 21:32:29,light snow,36.2831,116.4453,30.18,88,100,5.28
539,Dingle,PH,2022-01-21 21:32:30,overcast clouds,10.9995,122.6711,73.0,92,86,7.07
540,Marystown,CA,2022-01-21 21:32:30,overcast clouds,47.1666,-55.1483,28.85,100,100,13.13
541,Avera,US,2022-01-21 21:32:30,snow,33.194,-82.5271,35.74,83,100,11.36
542,Mogadishu,SO,2022-01-21 21:32:14,broken clouds,2.0371,45.3438,77.94,77,82,21.12
543,Samarai,PG,2022-01-21 21:32:30,overcast clouds,-10.6167,150.6667,80.51,78,100,6.13
544,Mayuge,UG,2022-01-21 21:32:31,overcast clouds,0.4597,33.4803,68.29,69,100,1.68
545,Vetapalem,IN,2022-01-21 21:32:31,clear sky,15.7833,80.3167,72.93,87,3,5.75
546,Nova Olimpia,BR,2022-01-21 21:33:01,light rain,-14.7972,-57.2881,78.08,84,86,2.91
547,Dukat,RU,2022-01-21 21:33:01,clear sky,62.55,155.55,-28.01,87,4,5.64
548,Yelizovo,RU,2022-01-21 21:33:02,broken clouds,53.1873,158.3805,19.54,73,75,7.0
549,Fort-Shevchenko,KZ,2022-01-21 21:33:02,few clouds,44.5086,50.263,32.16,77,11,13.4
550,Saint-Joseph,RE,2022-01-21 21:33:02,light rain,-21.3667,55.6167,79.18,84,50,15.41
551,Chantada,ES,2022-01-21 21:33:02,clear sky,42.6088,-7.7712,41.41,94,0,3.49
552,Lincoln,US,2022-01-21 21:30:03,clear sky,40.8,-96.667,30.58,35,0,5.01
553,Grindavik,IS,2022-01-21 21:33:03,light intensity drizzle rain,63.8424,-22.4338,41.47,87,75,44.87
554,Garowe,SO,2022-01-21 21:33:03,broken clouds,8.4054,48.4845,66.65,81,75,10.29
555,Mananara,MG,2022-01-21 21:33:03,moderate rain,-16.1667,49.7667,73.35,94,100,5.17
556,Indian Head,US,2022-01-21 21:33:04,overcast clouds,38.6001,-77.1622,26.49,49,100,5.01
557,Alofi,NU,2022-01-21 21:33:04,broken clouds,-19.0595,-169.9187,84.09,74,75,13.8
558,Hof,DE,2022-01-21 21:33:04,snow,50.3167,11.9167,33.46,94,100,11.5
559,Kibaya,TZ,2022-01-21 21:33:04,overcast clouds,-5.3,36.5667,61.36,89,100,0.74
560,Logrono,ES,2022-01-21 21:31:14,clear sky,42.4667,-2.45,36.91,75,0,9.22
561,Poya,NC,2022-01-21 21:33:05,clear sky,-21.35,165.15,83.28,73,6,2.39
562,Along,IN,2022-01-21 21:33:05,broken clouds,28.1667,94.7667,47.35,97,56,1.19
563,Woodland,US,2022-01-21 21:33:05,broken clouds,38.6785,-121.7733,68.27,39,75,14.0
564,Boa Vista,BR,2022-01-21 21:30:36,broken clouds,2.8197,-60.6733,91.38,46,75,12.66
565,Mayo,US,2022-01-21 21:33:05,scattered clouds,38.8876,-76.5119,26.71,53,40,5.99
566,Williams Lake,CA,2022-01-21 21:30:16,broken clouds,52.1415,-122.1445,44.17,69,75,3.44
567,Spring Valley,US,2022-01-21 21:33:06,broken clouds,36.108,-115.245,61.3,31,75,6.91
568,Eyl,SO,2022-01-21 21:33:06,scattered clouds,7.9803,49.8164,75.06,77,38,15.77
569,Fairbanks,US,2022-01-21 21:29:27,broken clouds,64.8378,-147.7164,15.8,78,75,10.36
570,Saint-Francois,FR,2022-01-21 21:33:06,clear sky,46.4154,3.9054,31.68,81,0,4.61
571,Naujoji Akmene,LT,2022-01-21 21:33:07,overcast clouds,56.3167,22.9,27.21,86,91,15.68
572,Tarauaca,BR,2022-01-21 21:33:07,moderate rain,-8.1614,-70.7656,78.64,86,100,1.28
573,Borovo,HR,2022-01-21 21:33:07,clear sky,45.3764,18.9669,32.61,64,0,9.22
574,Liepaja,LV,2022-01-21 21:33:07,overcast clouds,56.5419,21.0367,33.78,64,100,12.66
575,Vila Velha,BR,2022-01-21 21:31:13,few clouds,-20.3297,-40.2925,82.44,81,20,1.01
576,Kathu,TH,2022-01-21 21:33:08,few clouds,7.9178,98.3332,73.22,81,21,8.03
577,Dunedin,NZ,2022-01-21 21:33:08,clear sky,-45.8742,170.5036,59.81,68,4,8.99
578,Mangrol,IN,2022-01-21 21:33:08,clear sky,21.1167,70.1167,73.0,86,0,13.6
579,Mamallapuram,IN,2022-01-21 21:33:09,scattered clouds,12.6264,80.1722,77.05,82,38,5.53
580,Kushmurun,KZ,2022-01-21 21:33:09,overcast clouds,52.4503,64.6311,-7.62,99,98,5.68
581,Isiro,CD,2022-01-21 21:33:09,overcast clouds,2.7739,27.616,64.11,55,87,2.1
582,Taksimo,RU,2022-01-21 21:33:09,broken clouds,56.3444,114.8794,-14.98,93,84,0.78
583,Kalyan,IN,2022-01-21 21:33:10,clear sky,19.25,73.15,73.35,83,0,0.76
584,Sinnamary,GF,2022-01-21 21:33:10,overcast clouds,5.3833,-52.95,76.41,90,92,9.19
585,Nome,US,2022-01-21 21:33:10,light snow,64.5011,-165.4064,23.16,86,100,14.97
586,Mersing,MY,2022-01-21 21:33:10,scattered clouds,2.4312,103.8405,78.71,83,32,9.22
587,Itaituba,BR,2022-01-21 21:33:08,thunderstorm,-4.2761,-55.9836,86.16,70,40,6.91
588,Cockburn Town,TC,2022-01-21 21:33:11,clear sky,21.4612,-71.1419,78.66,78,0,19.66
589,Cordele,US,2022-01-21 21:33:11,overcast clouds,31.9635,-83.7824,45.95,93,100,8.05
590,Koindu,GN,2022-01-21 21:33:11,few clouds,8.4386,-10.3253,69.33,22,12,3.65
591,Carmaux,FR,2022-01-21 21:33:11,clear sky,44.051,2.158,34.07,70,0,2.51
592,Berlevag,NO,2022-01-21 21:29:55,overcast clouds,70.8578,29.0864,21.2,68,100,10.22
593,Sahuaripa,MX,2022-01-21 21:33:12,clear sky,29.05,-109.2333,72.03,28,0,4.07
594,Inirida,CO,2022-01-21 21:33:42,overcast clouds,3.8653,-67.9239,78.01,88,93,1.74
595,Nicolas Bravo,MX,2022-01-21 21:33:42,broken clouds,18.45,-88.9167,81.48,89,56,1.39
596,North Bend,US,2022-01-21 21:33:29,clear sky,43.4065,-124.2243,53.24,90,0,11.5
597,Wodonga,AU,2022-01-21 21:33:43,clear sky,-36.1167,146.8833,70.27,91,0,4.61
598,Khorramshahr,IR,2022-01-21 21:33:43,clear sky,30.4397,48.1664,42.76,61,0,9.22
599,Olinda,BR,2022-01-21 21:30:04,scattered clouds,-8.0089,-34.8553,82.13,69,40,8.05
600,Ruidoso,US,2022-01-21 21:33:43,clear sky,33.3317,-105.673,48.87,39,0,8.05
601,Baykit,RU,2022-01-21 21:33:43,overcast clouds,61.67,96.37,-5.75,100,99,1.32
602,Kieta,PG,2022-01-21 21:33:44,overcast clouds,-6.2167,155.6333,81.3,74,100,2.35
603,Beyneu,KZ,2022-01-21 21:33:44,broken clouds,45.3167,55.2,24.37,81,55,1.25
604,Am Timan,TD,2022-01-21 21:33:44,clear sky,11.0297,20.2827,73.96,23,0,5.93
605,Mutata,CO,2022-01-21 21:33:44,overcast clouds,7.2441,-76.4356,80.58,92,91,1.12
606,Chernogorsk,RU,2022-01-21 21:33:45,mist,53.8236,91.2842,-11.63,77,75,0.0
607,Gurupi,BR,2022-01-21 21:32:16,scattered clouds,-11.7292,-49.0686,75.56,85,40,5.53
608,Ormara,PK,2022-01-21 21:33:45,clear sky,25.2088,64.6357,62.38,34,0,35.3
609,Kitui,KE,2022-01-21 21:33:45,overcast clouds,-1.367,38.0106,68.61,59,100,5.84
610,Roros,NO,2022-01-21 21:33:45,overcast clouds,62.5747,11.3842,26.44,100,100,4.61
611,Shelburne,CA,2022-01-21 21:30:25,overcast clouds,44.0787,-80.2041,12.76,71,88,4.09
612,Manuk Mangkaw,PH,2022-01-21 21:33:46,overcast clouds,4.8,119.85,78.71,82,100,3.58
613,Maneadero,MX,2022-01-21 21:33:46,clear sky,31.7167,-116.5667,68.18,76,0,4.0
614,Trincomalee,LK,2022-01-21 21:33:46,broken clouds,8.5711,81.2335,72.81,73,73,5.06
615,Payo,ID,2022-01-21 21:33:46,overcast clouds,-3.7508,103.6372,72.75,99,100,0.07
616,Ashland,US,2022-01-21 21:29:21,overcast clouds,40.8167,-82.2665,21.27,67,100,6.82
617,Port-Cartier,CA,2022-01-21 21:33:47,scattered clouds,50.0334,-66.8654,-0.18,88,30,6.89
618,Sfantu Gheorghe,RO,2022-01-21 21:32:48,light snow,45.8667,25.7833,22.93,93,95,7.38
619,Bend,US,2022-01-21 21:29:06,clear sky,44.0582,-121.3153,49.48,50,0,3.0
620,Dabrowa Tarnowska,PL,2022-01-21 21:33:47,overcast clouds,50.1746,20.9863,31.32,79,99,15.73
621,Aqtobe,KZ,2022-01-21 21:32:59,clear sky,50.2797,57.2072,1.49,78,0,6.71
622,Mayskiy,RU,2022-01-21 21:33:47,snow,47.6931,40.1025,33.44,93,100,7.14
623,Cascais,PT,2022-01-21 21:33:48,clear sky,38.6979,-9.4215,54.55,54,0,7.0
624,Bereda,ES,2022-01-21 21:33:48,clear sky,43.2686,-7.5406,45.91,77,4,8.84
625,Murgab,TM,2022-01-21 21:33:48,overcast clouds,37.4966,61.9714,35.47,80,100,11.5
626,Diamantino,BR,2022-01-21 21:33:48,heavy intensity rain,-14.4086,-56.4461,73.81,92,100,2.13
627,Mokhsogollokh,RU,2022-01-21 21:33:49,overcast clouds,61.4681,128.9203,-11.88,100,100,1.77
628,Knysna,ZA,2022-01-21 21:33:49,clear sky,-34.0363,23.0471,71.98,94,8,5.28
629,Sotouboua,TG,2022-01-21 21:33:49,clear sky,8.5667,0.9833,75.24,23,1,3.8
630,Harnosand,SE,2022-01-21 21:33:49,clear sky,62.6323,17.9379,21.99,70,3,9.75
631,Maumere,ID,2022-01-21 21:33:50,overcast clouds,-8.6199,122.2111,78.82,82,100,5.95
632,Paita,PE,2022-01-21 21:33:50,scattered clouds,-5.0892,-81.1144,81.16,72,46,17.31
633,Pangkalanbuun,ID,2022-01-21 21:33:50,overcast clouds,-2.6833,111.6167,72.36,98,96,2.19
634,Flinders,AU,2022-01-21 21:33:50,overcast clouds,-34.5833,150.8552,67.37,86,95,4.0
635,Coxim,BR,2022-01-21 21:33:51,heavy intensity rain,-18.5067,-54.76,83.43,62,78,1.32
636,North Platte,US,2022-01-21 21:33:51,light snow,41.1239,-100.7654,38.98,69,100,5.75
637,Bar-Le-Duc,FR,2022-01-21 21:33:51,overcast clouds,48.75,5.1667,36.95,93,88,4.38
638,San Jose,US,2022-01-21 21:33:51,broken clouds,37.3394,-121.895,69.17,32,75,4.0
639,Santa Cruz,BO,2022-01-21 21:33:52,scattered clouds,-17.8,-63.1667,85.46,61,40,16.11
640,Magadan,RU,2022-01-21 21:33:52,overcast clouds,59.5667,150.8,-4.29,75,100,4.18
641,Kolokani,ML,2022-01-21 21:33:52,broken clouds,13.5728,-8.0339,68.54,18,60,9.35
642,Bolkhov,RU,2022-01-21 21:33:52,snow,53.4433,36.0044,25.63,95,100,11.9
643,Derzhavinsk,KZ,2022-01-21 21:34:23,overcast clouds,51.1,66.3167,2.08,97,99,6.42
644,Camapua,BR,2022-01-21 21:34:23,overcast clouds,-19.5314,-54.0439,82.42,62,86,3.29
645,Jumilla,ES,2022-01-21 21:34:23,broken clouds,38.4792,-1.325,45.82,87,72,2.57
646,Strezhevoy,RU,2022-01-21 21:34:23,overcast clouds,60.7333,77.5889,12.18,89,100,9.17
647,Imbituba,BR,2022-01-21 21:34:24,clear sky,-28.24,-48.6703,84.09,80,1,16.6
648,Soyo,AO,2022-01-21 21:34:24,overcast clouds,-6.1349,12.3689,77.59,80,91,9.48
649,Muravlenko,RU,2022-01-21 21:34:24,broken clouds,63.7898,74.523,1.42,99,72,8.97
650,Srednekolymsk,RU,2022-01-21 21:34:24,broken clouds,67.45,153.6833,-44.64,99,79,6.04
651,San Felipe,VE,2022-01-21 21:34:25,broken clouds,10.3399,-68.7425,76.98,73,70,8.9
652,Den Helder,NL,2022-01-21 21:34:25,broken clouds,52.9599,4.7593,44.98,84,75,10.0
653,Belyy Yar,RU,2022-01-21 21:34:25,mist,53.6039,91.3903,-11.31,77,75,0.0
654,Chipinge,ZW,2022-01-21 21:34:25,few clouds,-20.1883,32.6236,58.21,92,23,4.65
655,Muros,ES,2022-01-21 21:34:26,clear sky,42.7762,-9.0603,48.09,61,0,12.55
656,Toora-Khem,RU,2022-01-21 21:34:26,overcast clouds,52.4675,96.11,6.69,98,100,1.5
657,Gulf Gate Estates,US,2022-01-21 21:34:26,few clouds,27.2517,-82.5147,79.14,62,20,8.01
658,Meulaboh,ID,2022-01-21 21:34:26,scattered clouds,4.1363,96.1285,74.32,89,42,4.97
659,Nchelenge,ZM,2022-01-21 21:34:27,moderate rain,-9.3451,28.734,68.9,87,91,1.88
660,Tevaitoa,PF,2022-01-21 21:34:27,moderate rain,-16.7833,-151.5,80.37,74,100,14.67
661,Taltal,CL,2022-01-21 21:34:27,scattered clouds,-25.4,-70.4833,69.46,71,36,7.74
662,Kalmar,SE,2022-01-21 21:34:27,clear sky,56.6616,16.3616,29.97,71,0,9.22
663,Hobyo,SO,2022-01-21 21:34:28,overcast clouds,5.3505,48.5268,79.05,63,87,20.8
664,Deder,ET,2022-01-21 21:34:28,scattered clouds,9.3167,41.45,53.1,69,34,6.44
665,Big Rapids,US,2022-01-21 21:34:28,clear sky,43.6981,-85.4837,22.75,59,0,8.05
666,Haverfordwest,GB,2022-01-21 21:34:28,scattered clouds,51.8017,-4.9691,43.16,80,33,1.01
667,Ola,RU,2022-01-21 21:34:29,overcast clouds,59.5833,151.2833,-5.21,82,100,4.52
668,Jacareacanga,BR,2022-01-21 21:34:29,overcast clouds,-6.2222,-57.7528,78.33,85,98,2.89
669,Bukama,CD,2022-01-21 21:34:29,light rain,-9.2,25.85,69.75,97,100,0.58
670,Tapa,EE,2022-01-21 21:34:29,light snow,59.2606,25.9586,27.9,95,99,11.3
671,Tyup,KG,2022-01-21 21:34:30,clear sky,42.7276,78.3648,14.0,75,10,4.99
672,Krasnovishersk,RU,2022-01-21 21:34:30,overcast clouds,60.4078,57.082,10.87,97,100,5.32
673,Makat,KZ,2022-01-21 21:34:30,overcast clouds,47.6469,53.3463,23.0,87,100,7.96
674,Labytnangi,RU,2022-01-21 21:34:30,overcast clouds,66.6572,66.4183,4.5,96,99,6.96
675,Praxedis Guerrero,MX,2022-01-21 21:34:31,clear sky,31.3667,-106.0167,54.28,29,2,6.78
676,Slave Lake,CA,2022-01-21 21:34:31,overcast clouds,55.2834,-114.769,10.38,79,100,3.44
677,Malinovskiy,RU,2022-01-21 21:34:31,broken clouds,61.1953,62.8397,3.87,97,63,3.96
678,Presidencia Roque Saenz Pena,AR,2022-01-21 21:34:31,broken clouds,-26.7852,-60.4388,99.54,28,78,12.44
679,Upington,ZA,2022-01-21 21:30:36,overcast clouds,-28.4478,21.2561,79.18,53,94,9.22
680,Hirara,JP,2022-01-21 21:34:32,overcast clouds,24.8,125.2833,67.42,70,100,18.12
681,Acapulco,MX,2022-01-21 21:34:32,scattered clouds,16.8634,-99.8901,84.02,70,40,6.91
682,Machali,CL,2022-01-21 21:30:56,clear sky,-34.1833,-70.6667,83.48,23,0,10.36
683,Vanimo,PG,2022-01-21 21:34:32,moderate rain,-2.6741,141.3028,77.07,92,100,4.16
684,Krasnoselkup,RU,2022-01-21 21:34:33,broken clouds,65.7,82.4667,2.17,98,76,10.36
